id,name,model_id:id,group_id:id,perm_read,perm_write,perm_create,perm_unlink
access_oxigesti_spms_backend_user,access.oxigesti.spms.backend.user,model_oxigesti_spms_backend,,1,1,1,1
access_oxigesti_spms_res_partner_user,access.oxigesti.spms.res.partner.user,model_oxigesti_spms_res_partner,,1,1,1,1
access_oxigesti_spms_product_product_user,access.oxigesti.spms.product.product.user,model_oxigesti_spms_product_product,,1,1,1,1
access_oxigesti_spms_sale_order_user,oxigesti.spms.sale.order.user,model_oxigesti_spms_sale_order,,1,1,1,1
access_oxigesti_spms_sale_order_line_user,oxigesti.spms.sale.order.line.user,model_oxigesti_spms_sale_order_line,,1,1,1,1
access_oxigesti_spms_spms_context_user,oxigesti.spms.spms.context.user,model_oxigesti_spms_spms_context,,1,1,1,1
access_oxigesti_spms_spms_lot_user,oxigesti.spms.spms.lot.user,model_oxigesti_spms_spms_lot,,1,1,1,1
access_oxigesti_spms_spms_prescription_type_user,oxigesti.spms.spms.prescription.type.user,model_oxigesti_spms_spms_prescription_type,,1,1,1,1
access_oxigesti_spms_spms_suspension_reason_user,oxigesti.spms.spms.suspension.reason.user,model_oxigesti_spms_spms_suspension_reason,,1,1,1,1
