"id","tax_src_id","tax_dest_id"
"account_tax_template_p_iva4_bc_bi","account_tax_template_p_iva4_bc","account_tax_template_p_iva4_bi"
"account_tax_template_p_iva10_bc_bi","account_tax_template_p_iva10_bc","account_tax_template_p_iva10_bi"
"account_tax_template_p_iva21_bc_bi","account_tax_template_p_iva21_bc","account_tax_template_p_iva21_bi"
"account_tax_template_p_iva4_ic_bc_bi","account_tax_template_p_iva4_ic_bc","account_tax_template_p_iva4_ic_bi"
"account_tax_template_p_iva10_ic_bc_bi","account_tax_template_p_iva10_ic_bc","account_tax_template_p_iva10_ic_bi"
"account_tax_template_p_iva21_ic_bc_bi","account_tax_template_p_iva21_ic_bc","account_tax_template_p_iva21_ic_bi"
"account_tax_template_p_iva4_ibc_ibi","account_tax_template_p_iva4_ibc","account_tax_template_p_iva4_ibi"
"account_tax_template_p_iva10_ibc_ibi","account_tax_template_p_iva10_ibc","account_tax_template_p_iva10_ibi"
"account_tax_template_p_iva21_ibc_ibi","account_tax_template_p_iva21_ibc","account_tax_template_p_iva21_ibi"
