"position_id","tax_src_id","tax_dest_id"
"fp_extra","account_tax_template_p_priva4_bc","account_tax_template_p_priva4_ibc"
"fp_extra","account_tax_template_p_priva4_sc","account_tax_template_p_iva4_sp_ex"
"fp_extra","account_tax_template_p_priva4_bi","account_tax_template_p_priva4_ibi"
"fp_extra","account_tax_template_p_priva10_bc","account_tax_template_p_priva10_ibc"
"fp_extra","account_tax_template_p_priva10_sc","account_tax_template_p_iva10_sp_ex"
"fp_extra","account_tax_template_p_priva10_bi","account_tax_template_p_priva10_ibi"
"fp_extra","account_tax_template_p_priva21_bc","account_tax_template_p_priva21_ibc"
"fp_extra","account_tax_template_p_priva21_sc","account_tax_template_p_iva21_sp_ex"
"fp_extra","account_tax_template_p_priva21_bi","account_tax_template_p_priva21_ibi"

"fp_intra","account_tax_template_p_priva4_bc","account_tax_template_p_priva4_ibc"
"fp_intra","account_tax_template_p_priva4_bc","account_tax_template_p_priva4_ic_bc"
"fp_intra","account_tax_template_p_priva4_sc","account_tax_template_p_priva4_sp_in"
"fp_intra","account_tax_template_p_priva4_bi","account_tax_template_p_priva4_ic_bi"
"fp_intra","account_tax_template_p_priva10_bc","account_tax_template_p_priva10_ic_bc"
"fp_intra","account_tax_template_p_priva10_sc","account_tax_template_p_priva10_sp_in"
"fp_intra","account_tax_template_p_priva10_bi","account_tax_template_p_priva10_ic_bi"
"fp_intra","account_tax_template_p_priva21_bc","account_tax_template_p_priva21_ic_bc"
"fp_intra","account_tax_template_p_priva21_sc","account_tax_template_p_priva21_sp_in"
"fp_intra","account_tax_template_p_priva21_bi","account_tax_template_p_priva21_ic_bi"

"fp_not_subject_tai","account_tax_template_p_priva4_bc","account_tax_template_p_iva0_ns_b"
"fp_not_subject_tai","account_tax_template_p_priva4_sc","account_tax_template_p_iva0_ns"
"fp_not_subject_tai","account_tax_template_p_priva4_bi","account_tax_template_p_iva0_ns_b"
"fp_not_subject_tai","account_tax_template_p_priva10_bc","account_tax_template_p_iva0_ns_b"
"fp_not_subject_tai","account_tax_template_p_priva10_sc","account_tax_template_p_iva0_ns"
"fp_not_subject_tai","account_tax_template_p_priva10_bi","account_tax_template_p_iva0_ns_b"
"fp_not_subject_tai","account_tax_template_p_priva21_bc","account_tax_template_p_iva0_ns_b"
"fp_not_subject_tai","account_tax_template_p_priva21_sc","account_tax_template_p_iva0_ns"
"fp_not_subject_tai","account_tax_template_p_priva21_bi","account_tax_template_p_iva0_ns_b"

"fp_recargo","account_tax_template_p_priva4_bc","account_tax_template_p_priva4_bc"
"fp_recargo","account_tax_template_p_priva4_bc","account_tax_template_p_req05"
"fp_recargo","account_tax_template_p_priva4_sc","account_tax_template_p_priva4_sc"
"fp_recargo","account_tax_template_p_priva4_sc","account_tax_template_p_req05"
"fp_recargo","account_tax_template_p_priva4_bi","account_tax_template_p_priva4_bi"
"fp_recargo","account_tax_template_p_priva4_bi","account_tax_template_p_req05"
"fp_recargo","account_tax_template_p_priva10_bc","account_tax_template_p_priva10_bc"
"fp_recargo","account_tax_template_p_priva10_bc","account_tax_template_p_req014"
"fp_recargo","account_tax_template_p_priva10_sc","account_tax_template_p_priva10_sc"
"fp_recargo","account_tax_template_p_priva10_sc","account_tax_template_p_req014"
"fp_recargo","account_tax_template_p_priva10_bi","account_tax_template_p_priva10_bi"
"fp_recargo","account_tax_template_p_priva10_bi","account_tax_template_p_req014"
"fp_recargo","account_tax_template_p_priva21_bc","account_tax_template_p_priva21_bc"
"fp_recargo","account_tax_template_p_priva21_bc","account_tax_template_p_req52"
"fp_recargo","account_tax_template_p_priva21_sc","account_tax_template_p_priva21_sc"
"fp_recargo","account_tax_template_p_priva21_sc","account_tax_template_p_req52"
"fp_recargo","account_tax_template_p_priva21_bi","account_tax_template_p_priva21_bi"
"fp_recargo","account_tax_template_p_priva21_bi","account_tax_template_p_req52"

"fp_recargo_isp","account_tax_template_p_priva4_bc","account_tax_template_p_priva4_bc"
"fp_recargo_isp","account_tax_template_p_priva4_bc","account_tax_template_p_req05"
"fp_recargo_isp","account_tax_template_p_priva4_sc","account_tax_template_p_priva4_sc"
"fp_recargo_isp","account_tax_template_p_priva4_sc","account_tax_template_p_req05"
"fp_recargo_isp","account_tax_template_p_priva4_bi","account_tax_template_p_priva4_bi"
"fp_recargo_isp","account_tax_template_p_priva4_bi","account_tax_template_p_req05"
"fp_recargo_isp","account_tax_template_p_priva10_bc","account_tax_template_p_priva10_bc"
"fp_recargo_isp","account_tax_template_p_priva10_bc","account_tax_template_p_req014"
"fp_recargo_isp","account_tax_template_p_priva10_sc","account_tax_template_p_priva10_sc"
"fp_recargo_isp","account_tax_template_p_priva10_sc","account_tax_template_p_req014"
"fp_recargo_isp","account_tax_template_p_priva10_bi","account_tax_template_p_priva10_bi"
"fp_recargo_isp","account_tax_template_p_priva10_bi","account_tax_template_p_req014"
"fp_recargo_isp","account_tax_template_p_priva21_bc","account_tax_template_p_priva21_bc"
"fp_recargo_isp","account_tax_template_p_priva21_bc","account_tax_template_p_req52"
"fp_recargo_isp","account_tax_template_p_priva21_sc","account_tax_template_p_priva21_sc"
"fp_recargo_isp","account_tax_template_p_priva21_sc","account_tax_template_p_req52"
"fp_recargo_isp","account_tax_template_p_priva21_bi","account_tax_template_p_priva21_bi"
"fp_recargo_isp","account_tax_template_p_priva21_bi","account_tax_template_p_req52"

"fp_irpf19a","account_tax_template_p_priva21_bc","account_tax_template_p_priva21_bc"
"fp_irpf19a","account_tax_template_p_priva21_bc","account_tax_template_p_irpf19a"
"fp_irpf19a","account_tax_template_p_priva21_sc","account_tax_template_p_priva21_sc"
"fp_irpf19a","account_tax_template_p_priva21_sc","account_tax_template_p_irpf19a"
"fp_irpf19a","account_tax_template_p_priva10_bc","account_tax_template_p_priva10_bc"
"fp_irpf19a","account_tax_template_p_priva10_bc","account_tax_template_p_irpf19a"
"fp_irpf19a","account_tax_template_p_priva10_sc","account_tax_template_p_priva10_sc"
"fp_irpf19a","account_tax_template_p_priva10_sc","account_tax_template_p_irpf19a"
"fp_irpf19a","account_tax_template_p_priva4_bc","account_tax_template_p_priva4_bc"
"fp_irpf19a","account_tax_template_p_priva4_bc","account_tax_template_p_irpf19a"
"fp_irpf19a","account_tax_template_p_priva4_sc","account_tax_template_p_priva4_sc"
"fp_irpf19a","account_tax_template_p_priva4_sc","account_tax_template_p_irpf19a"

"fp_irpf195a","account_tax_template_p_priva21_bc","account_tax_template_p_priva21_bc"
"fp_irpf195a","account_tax_template_p_priva21_bc","account_tax_template_p_irpf195a"
"fp_irpf195a","account_tax_template_p_priva21_sc","account_tax_template_p_priva21_sc"
"fp_irpf195a","account_tax_template_p_priva21_sc","account_tax_template_p_irpf195a"
"fp_irpf195a","account_tax_template_p_priva10_bc","account_tax_template_p_priva10_bc"
"fp_irpf195a","account_tax_template_p_priva10_bc","account_tax_template_p_irpf195a"
"fp_irpf195a","account_tax_template_p_priva10_sc","account_tax_template_p_priva10_sc"
"fp_irpf195a","account_tax_template_p_priva10_sc","account_tax_template_p_irpf195a"
"fp_irpf195a","account_tax_template_p_priva4_bc","account_tax_template_p_priva4_bc"
"fp_irpf195a","account_tax_template_p_priva4_bc","account_tax_template_p_irpf195a"
"fp_irpf195a","account_tax_template_p_priva4_sc","account_tax_template_p_priva4_sc"
"fp_irpf195a","account_tax_template_p_priva4_sc","account_tax_template_p_irpf195a"

"fp_irpf20a","account_tax_template_p_priva21_bc","account_tax_template_p_priva21_bc"
"fp_irpf20a","account_tax_template_p_priva21_bc","account_tax_template_p_irpf20a"
"fp_irpf20a","account_tax_template_p_priva21_sc","account_tax_template_p_priva21_sc"
"fp_irpf20a","account_tax_template_p_priva21_sc","account_tax_template_p_irpf20a"
"fp_irpf20a","account_tax_template_p_priva10_bc","account_tax_template_p_priva10_bc"
"fp_irpf20a","account_tax_template_p_priva10_bc","account_tax_template_p_irpf20a"
"fp_irpf20a","account_tax_template_p_priva10_sc","account_tax_template_p_priva10_sc"
"fp_irpf20a","account_tax_template_p_priva10_sc","account_tax_template_p_irpf20a"
"fp_irpf20a","account_tax_template_p_priva4_bc","account_tax_template_p_priva4_bc"
"fp_irpf20a","account_tax_template_p_priva4_bc","account_tax_template_p_irpf20a"
"fp_irpf20a","account_tax_template_p_priva4_sc","account_tax_template_p_priva4_sc"
"fp_irpf20a","account_tax_template_p_priva4_sc","account_tax_template_p_irpf20a"

"fp_irpf21a","account_tax_template_p_priva21_bc","account_tax_template_p_irpf21a"
"fp_irpf21a","account_tax_template_p_priva21_sc","account_tax_template_p_priva21_sc"
"fp_irpf21a","account_tax_template_p_priva21_sc","account_tax_template_p_irpf21a"
"fp_irpf21a","account_tax_template_p_priva10_bc","account_tax_template_p_priva10_bc"
"fp_irpf21a","account_tax_template_p_priva10_bc","account_tax_template_p_irpf21a"
"fp_irpf21a","account_tax_template_p_priva10_sc","account_tax_template_p_priva10_sc"
"fp_irpf21a","account_tax_template_p_priva10_sc","account_tax_template_p_irpf21a"
"fp_irpf21a","account_tax_template_p_priva4_bc","account_tax_template_p_priva4_bc"
"fp_irpf21a","account_tax_template_p_priva4_bc","account_tax_template_p_irpf21a"
"fp_irpf21a","account_tax_template_p_priva4_sc","account_tax_template_p_priva4_sc"
"fp_irpf21a","account_tax_template_p_priva4_sc","account_tax_template_p_irpf21a"

"fp_irpf21","account_tax_template_p_priva21_bc","account_tax_template_p_priva21_bc"
"fp_irpf21","account_tax_template_p_priva21_bc","account_tax_template_p_irpf21p"
"fp_irpf21","account_tax_template_p_priva21_sc","account_tax_template_p_priva21_sc"
"fp_irpf21","account_tax_template_p_priva21_sc","account_tax_template_p_irpf21p"
"fp_irpf21","account_tax_template_p_priva10_bc","account_tax_template_p_priva10_bc"
"fp_irpf21","account_tax_template_p_priva10_bc","account_tax_template_p_irpf21p"
"fp_irpf21","account_tax_template_p_priva10_sc","account_tax_template_p_priva10_sc"
"fp_irpf21","account_tax_template_p_priva10_sc","account_tax_template_p_irpf21p"
"fp_irpf21","account_tax_template_p_priva4_bc","account_tax_template_p_priva4_bc"
"fp_irpf21","account_tax_template_p_priva4_bc","account_tax_template_p_irpf21p"
"fp_irpf21","account_tax_template_p_priva4_sc","account_tax_template_p_priva4_sc"
"fp_irpf21","account_tax_template_p_priva4_sc","account_tax_template_p_irpf21p"

"fp_irpf20","account_tax_template_p_priva21_bc","account_tax_template_p_priva21_bc"
"fp_irpf20","account_tax_template_p_priva21_bc","account_tax_template_p_irpf20"
"fp_irpf20","account_tax_template_p_priva21_sc","account_tax_template_p_priva21_sc"
"fp_irpf20","account_tax_template_p_priva21_sc","account_tax_template_p_irpf20"
"fp_irpf20","account_tax_template_p_priva10_bc","account_tax_template_p_priva10_bc"
"fp_irpf20","account_tax_template_p_priva10_bc","account_tax_template_p_irpf20"
"fp_irpf20","account_tax_template_p_priva10_sc","account_tax_template_p_priva10_sc"
"fp_irpf20","account_tax_template_p_priva10_sc","account_tax_template_p_irpf20"
"fp_irpf20","account_tax_template_p_priva4_bc","account_tax_template_p_priva4_bc"
"fp_irpf20","account_tax_template_p_priva4_bc","account_tax_template_p_irpf20"
"fp_irpf20","account_tax_template_p_priva4_sc","account_tax_template_p_priva4_sc"
"fp_irpf20","account_tax_template_p_priva4_sc","account_tax_template_p_irpf20"

"fp_irpf24","account_tax_template_p_priva21_bc","account_tax_template_p_priva21_bc"
"fp_irpf24","account_tax_template_p_priva21_bc","account_tax_template_p_irpf24"
"fp_irpf24","account_tax_template_p_priva21_sc","account_tax_template_p_priva21_sc"
"fp_irpf24","account_tax_template_p_priva21_sc","account_tax_template_p_irpf24"
"fp_irpf24","account_tax_template_p_priva10_bc","account_tax_template_p_priva10_bc"
"fp_irpf24","account_tax_template_p_priva10_bc","account_tax_template_p_irpf24"
"fp_irpf24","account_tax_template_p_priva10_sc","account_tax_template_p_priva10_sc"
"fp_irpf24","account_tax_template_p_priva10_sc","account_tax_template_p_irpf24"
"fp_irpf24","account_tax_template_p_priva4_bc","account_tax_template_p_priva4_bc"
"fp_irpf24","account_tax_template_p_priva4_bc","account_tax_template_p_irpf24"
"fp_irpf24","account_tax_template_p_priva4_sc","account_tax_template_p_priva4_sc"
"fp_irpf24","account_tax_template_p_priva4_sc","account_tax_template_p_irpf24"

"fp_irpf15","account_tax_template_p_priva21_bc","account_tax_template_p_priva21_bc"
"fp_irpf15","account_tax_template_p_priva21_bc","account_tax_template_p_irpf15"
"fp_irpf15","account_tax_template_p_priva21_sc","account_tax_template_p_priva21_sc"
"fp_irpf15","account_tax_template_p_priva21_sc","account_tax_template_p_irpf15"
"fp_irpf15","account_tax_template_p_priva10_bc","account_tax_template_p_priva10_bc"
"fp_irpf15","account_tax_template_p_priva10_bc","account_tax_template_p_irpf15"
"fp_irpf15","account_tax_template_p_priva10_sc","account_tax_template_p_priva10_sc"
"fp_irpf15","account_tax_template_p_priva10_sc","account_tax_template_p_irpf15"
"fp_irpf15","account_tax_template_p_priva4_bc","account_tax_template_p_priva4_bc"
"fp_irpf15","account_tax_template_p_priva4_bc","account_tax_template_p_irpf15"
"fp_irpf15","account_tax_template_p_priva4_sc","account_tax_template_p_priva4_sc"
"fp_irpf15","account_tax_template_p_priva4_sc","account_tax_template_p_irpf15"

"fp_irpf18","account_tax_template_p_priva21_bc","account_tax_template_p_priva21_bc"
"fp_irpf18","account_tax_template_p_priva21_bc","account_tax_template_p_irpf18"
"fp_irpf18","account_tax_template_p_priva21_sc","account_tax_template_p_priva21_sc"
"fp_irpf18","account_tax_template_p_priva21_sc","account_tax_template_p_irpf18"
"fp_irpf18","account_tax_template_p_priva10_bc","account_tax_template_p_priva10_bc"
"fp_irpf18","account_tax_template_p_priva10_bc","account_tax_template_p_irpf18"
"fp_irpf18","account_tax_template_p_priva10_sc","account_tax_template_p_priva10_sc"
"fp_irpf18","account_tax_template_p_priva10_sc","account_tax_template_p_irpf18"
"fp_irpf18","account_tax_template_p_priva4_bc","account_tax_template_p_priva4_bc"
"fp_irpf18","account_tax_template_p_priva4_bc","account_tax_template_p_irpf18"
"fp_irpf18","account_tax_template_p_priva4_sc","account_tax_template_p_priva4_sc"
"fp_irpf18","account_tax_template_p_priva4_sc","account_tax_template_p_irpf18"

"fp_irpf19","account_tax_template_p_priva21_bc","account_tax_template_p_priva21_bc"
"fp_irpf19","account_tax_template_p_priva21_bc","account_tax_template_p_irpf19"
"fp_irpf19","account_tax_template_p_priva21_sc","account_tax_template_p_priva21_sc"
"fp_irpf19","account_tax_template_p_priva21_sc","account_tax_template_p_irpf19"
"fp_irpf19","account_tax_template_p_priva10_bc","account_tax_template_p_priva10_bc"
"fp_irpf19","account_tax_template_p_priva10_bc","account_tax_template_p_irpf19"
"fp_irpf19","account_tax_template_p_priva10_sc","account_tax_template_p_priva10_sc"
"fp_irpf19","account_tax_template_p_priva10_sc","account_tax_template_p_irpf19"
"fp_irpf19","account_tax_template_p_priva4_bc","account_tax_template_p_priva4_bc"
"fp_irpf19","account_tax_template_p_priva4_bc","account_tax_template_p_irpf19"
"fp_irpf19","account_tax_template_p_priva4_sc","account_tax_template_p_priva4_sc"
"fp_irpf19","account_tax_template_p_priva4_sc","account_tax_template_p_irpf19"

"fp_irpf9","account_tax_template_p_priva21_bc","account_tax_template_p_priva21_bc"
"fp_irpf9","account_tax_template_p_priva21_bc","account_tax_template_p_irpf9"
"fp_irpf9","account_tax_template_p_priva21_sc","account_tax_template_p_priva21_sc"
"fp_irpf9","account_tax_template_p_priva21_sc","account_tax_template_p_irpf9"
"fp_irpf9","account_tax_template_p_priva10_bc","account_tax_template_p_priva10_bc"
"fp_irpf9","account_tax_template_p_priva10_bc","account_tax_template_p_irpf9"
"fp_irpf9","account_tax_template_p_priva10_sc","account_tax_template_p_priva10_sc"
"fp_irpf9","account_tax_template_p_priva10_sc","account_tax_template_p_irpf9"
"fp_irpf9","account_tax_template_p_priva4_bc","account_tax_template_p_priva4_bc"
"fp_irpf9","account_tax_template_p_priva4_bc","account_tax_template_p_irpf9"
"fp_irpf9","account_tax_template_p_priva4_sc","account_tax_template_p_priva4_sc"
"fp_irpf9","account_tax_template_p_priva4_sc","account_tax_template_p_irpf9"

"fp_irpf7","account_tax_template_p_priva21_bc","account_tax_template_p_priva21_bc"
"fp_irpf7","account_tax_template_p_priva21_bc","account_tax_template_p_irpf7"
"fp_irpf7","account_tax_template_p_priva21_sc","account_tax_template_p_priva21_sc"
"fp_irpf7","account_tax_template_p_priva21_sc","account_tax_template_p_irpf7"
"fp_irpf7","account_tax_template_p_priva10_bc","account_tax_template_p_priva10_bc"
"fp_irpf7","account_tax_template_p_priva10_bc","account_tax_template_p_irpf7"
"fp_irpf7","account_tax_template_p_priva10_sc","account_tax_template_p_priva10_sc"
"fp_irpf7","account_tax_template_p_priva10_sc","account_tax_template_p_irpf7"
"fp_irpf7","account_tax_template_p_priva4_bc","account_tax_template_p_priva4_bc"
"fp_irpf7","account_tax_template_p_priva4_bc","account_tax_template_p_irpf7"
"fp_irpf7","account_tax_template_p_priva4_sc","account_tax_template_p_priva4_sc"
"fp_irpf7","account_tax_template_p_priva4_sc","account_tax_template_p_irpf7"

"fp_irpf2","account_tax_template_p_priva21_bc","account_tax_template_p_priva21_bc"
"fp_irpf2","account_tax_template_p_priva21_bc","account_tax_template_p_irpf2"
"fp_irpf2","account_tax_template_p_priva21_sc","account_tax_template_p_priva21_sc"
"fp_irpf2","account_tax_template_p_priva21_sc","account_tax_template_p_irpf2"
"fp_irpf2","account_tax_template_p_priva10_bc","account_tax_template_p_priva10_bc"
"fp_irpf2","account_tax_template_p_priva10_bc","account_tax_template_p_irpf2"
"fp_irpf2","account_tax_template_p_priva10_sc","account_tax_template_p_priva10_sc"
"fp_irpf2","account_tax_template_p_priva10_sc","account_tax_template_p_irpf2"
"fp_irpf2","account_tax_template_p_priva4_bc","account_tax_template_p_priva4_bc"
"fp_irpf2","account_tax_template_p_priva4_bc","account_tax_template_p_irpf2"
"fp_irpf2","account_tax_template_p_priva4_sc","account_tax_template_p_priva4_sc"
"fp_irpf2","account_tax_template_p_priva4_sc","account_tax_template_p_irpf2"

"fp_irpf1","account_tax_template_p_priva21_bc","account_tax_template_p_priva21_bc"
"fp_irpf1","account_tax_template_p_priva21_bc","account_tax_template_p_irpf1"
"fp_irpf1","account_tax_template_p_priva21_sc","account_tax_template_p_priva21_sc"
"fp_irpf1","account_tax_template_p_priva21_sc","account_tax_template_p_irpf1"
"fp_irpf1","account_tax_template_p_priva10_bc","account_tax_template_p_priva10_bc"
"fp_irpf1","account_tax_template_p_priva10_bc","account_tax_template_p_irpf1"
"fp_irpf1","account_tax_template_p_priva10_sc","account_tax_template_p_priva10_sc"
"fp_irpf1","account_tax_template_p_priva10_sc","account_tax_template_p_irpf1"
"fp_irpf1","account_tax_template_p_priva4_bc","account_tax_template_p_priva4_bc"
"fp_irpf1","account_tax_template_p_priva4_bc","account_tax_template_p_irpf1"
"fp_irpf1","account_tax_template_p_priva4_sc","account_tax_template_p_priva4_sc"
"fp_irpf1","account_tax_template_p_priva4_sc","account_tax_template_p_irpf1"
