"id","invoice_label","invoice_label@es","invoice_label@ca"
"account_tax_template_oss_s_iva_ns","Not subject to and covered by OSS (Services)","No sujeto y acogidas a la OSS (Servicios)","No subjecte i acollides a la OSS (serveis)"
"account_tax_template_oss_s_iva_ns_b","Not subject to and covered by OSS (Goods)","No sujeto y acogidas a la OSS (Bienes)","No subjecte i acollides a la OSS (béns)"
"account_tax_template_p_dua_exempt","Exempt DUA","DUA exento","DUA exempt"
"account_tax_template_p_irpf1","1% Withholding income tax","Retenciones IRPF 1%","Retencions IRPF 1%"
"account_tax_template_p_irpf15","15% Withholding income tax","Retenciones IRPF 15%","Retencions IRPF 15%"
"account_tax_template_p_irpf15e","15% Withholding income tax in cash","Retenciones IRPF 15% en especie","Retencions IRPF 15% en especie"
"account_tax_template_p_irpf18","18% Withholding income tax","Retenciones IRPF 18%","Retencions IRPF 18%"
"account_tax_template_p_irpf19","19% Withholding income tax","Retenciones IRPF 19%","Retencions IRPF 19%"
"account_tax_template_p_irpf195a","19.5% Withholding","Retenciones 19,5%","Retencions 19,5%"
"account_tax_template_p_irpf19a","19% Withholding","Retenciones 19%","Retencions 19%"
"account_tax_template_p_irpf19ca","19% Withholding Directors and Administrators","Retenciones IRPF 19% Consejeros y administradores","Retencions IRPF 19% consellers i administradors"
"account_tax_template_p_irpf19cs","19% Withholding Directors and Administrators","Retenciones IRPF 19% Consejeros y administradores","Retencions IRPF 19% consellers i administradors"
"account_tax_template_p_irpf2","2% Withholding income tax","Retenciones IRPF 2%","Retencions IRPF 2%"
"account_tax_template_p_irpf20","20% Withholding income tax","Retenciones IRPF 20%","Retencions IRPF 20%"
"account_tax_template_p_irpf20a","20% Withholding","Retenciones 20%","Retencions 20%"
"account_tax_template_p_irpf21a","21% Withholding","Retenciones 21%","Retencions 21%"
"account_tax_template_p_irpf21p","21% Withholding income tax","Retenciones IRPF 21%","Retencions IRPF 21%"
"account_tax_template_p_irpf21t","15% Withholding income tax","Retenciones IRPF","Retencions IRPF"
"account_tax_template_p_irpf21td","15% Withholding income tax","Retenciones IRPF dinerarios","Retencions IRPF dineraris"
"account_tax_template_p_irpf21tdit","15% Withholding income tax temporary incapacity","Retenciones IRPF dinerarios incapacidad temporal","Retencions IRPF dineraris incapacitat temporal"
"account_tax_template_p_irpf21te","15% Withholding income tax in cash","Retenciones IRPF en especie","Retencions IRPF en especie"
"account_tax_template_p_irpf24","24% Withholding income tax","Retenciones IRPF 24%","Retencions IRPF 24%"
"account_tax_template_p_irpf24_rdc","24% Withholding on capital","Retenciones IRPF 24%","Retencions IRPF 24%"
"account_tax_template_p_irpf35cya","35% Withholding Directors and Administrators","Retenciones IRPF 35% Consejeros y administradores","Retencions IRPF 35% consellers i administradors"
"account_tax_template_p_irpf7","7% Withholding income tax","Retenciones IRPF 7%","Retencions IRPF 7%"
"account_tax_template_p_irpf7e","7% Withholding income tax in cash","Retenciones IRPF 7% en especie","Retencions IRPF 7% en especie"
"account_tax_template_p_irpf9","9% Withholding income tax","Retenciones IRPF 9%","Retencions IRPF 9%"
"account_tax_template_p_irpfnrnue0p","Exempt Withholding Non-EU residents","Retenciones IRPF No residentes no-UE exento por convenio","Retencions IRPF No residents no-UE exempt per conveni"
"account_tax_template_p_irpfnrnue24p","24% Withholding Non-EU residents","Retenciones IRPF No residentes no-UE 24%","Retencions IRPF No residents no-UE 24%"
"account_tax_template_p_irpfnrue0p","Exempt Withholding EU residents","Retenciones IRPF No residentes UE exento por convenio","Retencions a compte IRPF No residents UE exempt per conveni"
"account_tax_template_p_irpfnrue19p","19% Withholding Non-EU residents","Retenciones IRPF No residentes UE 19%","Retencions IRPF No residents UE 19%"
"account_tax_template_p_iva0_bc","VAT exempt","IVA exento","IVA Exempt"
"account_tax_template_p_iva0_ibc","VAT 0% import","IVA 0% Importaciones bienes corrientes","IVA 0% Importacions béns corrents"
"account_tax_template_p_iva0_ic_bc","VAT 0% intra-community","IVA 0% Adquisición Intracomunitario. Bienes corrientes","IVA 0% Adquisició intracomunitari. Béns corrents"
"account_tax_template_p_iva0_ic_sc","VAT 0% intra-community","IVA 0% Adquisición Intracomunitario. Servicios corrientes","IVA 0% Adquisició intracomunitari. Serveis corrents"
"account_tax_template_p_iva0_isc","VAT 0% import","IVA 0% Adquisición de servicios extracomunitarios","IVA 0% Adquisició de serveis extracomunitaris"
"account_tax_template_p_iva0_ns","VAT not subjected","IVA no sujeto","IVA no sotmès"
"account_tax_template_p_iva0_ns_b","VAT not subjected","IVA no sujeto","IVA no sotmès"
"account_tax_template_p_iva0_s_bc","VAT 0%","0% IVA","0% IVA"
"account_tax_template_p_iva0_s_sc","VAT 0%","0% IVA","0% IVA"
"account_tax_template_p_iva105_gan","VAT 10.5%","10,5% IVA régimen ganadero o pesca","10,5% IVA règim ramader o pesca"
"account_tax_template_p_iva10_bc","VAT 10%","10% IVA","10% IVA"
"account_tax_template_p_iva10_bi","VAT 10%","10% IVA","10% IVA"
"account_tax_template_p_iva10_ibc","VAT 10% import","IVA 10% Importaciones bienes corrientes","IVA 10% Importacions béns corrents"
"account_tax_template_p_iva10_ibc_group","VAT 10% import DUA","IVA 10% Importaciones DUA bienes corrientes","IVA 10% Importacions DUA béns corrents"
"account_tax_template_p_iva10_ibi","VAT 10% import","IVA 10% Importaciones bienes de inversión","IVA 10% Importacions béns d'inversió"
"account_tax_template_p_iva10_ic_bc","VAT 10% intra-community","IVA 10% Adquisición Intracomunitario. Bienes corrientes","IVA 10% Adquisició intracomunitari. Béns corrents"
"account_tax_template_p_iva10_ic_bi","VAT 10% intra-community","IVA 10% Adquisición Intracomunitario. Bienes de inversión","IVA 10% Adquisició intracomunitari. Béns d'inversió"
"account_tax_template_p_iva10_isp","VAT 10% purchase reverse charge","IVA 10% Compra con Inversión del Sujeto Pasivo Nacional","IVA 10% Compra con inversió del subjecte passiu nacional"
"account_tax_template_p_iva10_isp_bi","VAT 10% reverse charge","IVA 10% ISP","IVA 10% ISP"
"account_tax_template_p_iva10_sc","VAT 10%","10% IVA","10% IVA"
"account_tax_template_p_iva10_sp_ex","VAT 10% import","IVA 10% Adquisición de servicios extracomunitarios","IVA 10% Adquisició de serveis extracomunitaris"
"account_tax_template_p_iva10_sp_in","VAT 10% intra-community","IVA 10% Adquisición de servicios intracomunitarios","IVA 10% Adquisició de serveis intracomunitaris"
"account_tax_template_p_iva12_agr","VAT 12%","12% IVA régimen agricultura","12% IVA règim agricultura"
"account_tax_template_p_iva21_bc","VAT 21%","21% IVA","21% IVA"
"account_tax_template_p_iva21_bi","VAT 21%","21% IVA","21% IVA"
"account_tax_template_p_iva21_ibc","VAT 21% import","IVA 21% Importaciones bienes corrientes","IVA 21% Importacions béns corrents"
"account_tax_template_p_iva21_ibc_group","VAT 21% import DUA","IVA 21% Importaciones DUA bienes corrientes","IVA 21% Importacions DUA béns corrents"
"account_tax_template_p_iva21_ibi","VAT 21% import","IVA 21% Importaciones bienes de inversión","IVA 21% Importacions béns d'inversió"
"account_tax_template_p_iva21_ic_bc","VAT 21% intra-community","IVA 21% Adquisición Intracomunitaria. Bienes corrientes","IVA 21% Adquisició intracomunitària. Béns corrents"
"account_tax_template_p_iva21_ic_bi","VAT 21% intra-community","IVA 21% Adquisición Intracomunitaria. Bienes de inversión","IVA 21% Adquisició intracomunitària. Béns d'inversió"
"account_tax_template_p_iva21_isp","VAT 21% purchase reverse charge","IVA 21% Compra con Inversión del Sujeto Pasivo Nacional","IVA 21% Compra con inversió del subjecte passiu nacional"
"account_tax_template_p_iva21_isp_bi","VAT 21% reverse charge","IVA 21% ISP","IVA 21% ISP"
"account_tax_template_p_iva21_sc","VAT 21%","21% IVA soportado","21% IVA suportat"
"account_tax_template_p_iva21_sp_ex","VAT 21% import","IVA 21% Adquisición de servicios extracomunitarios","IVA 21% Adquisició de serveis extracomunitaris"
"account_tax_template_p_iva21_sp_in","VAT 21% intra-community","IVA 21% Adquisición de servicios intracomunitarios","IVA 21% Adquisició de serveis intracomunitaris"
"account_tax_template_p_iva2_bc","VAT 2%","2% IVA","2% IVA"
"account_tax_template_p_iva2_ibc","VAT 2% import","IVA 2% Importaciones bienes corrientes","IVA 2% Importacions béns corrents"
"account_tax_template_p_iva2_ic_bc","VAT 2% intra-community","IVA 2% Adquisición Intracomunitario. Bienes corrientes","IVA 2% Adquisició intracomunitari. Béns corrents"
"account_tax_template_p_iva2_ic_sc","VAT 2% intra-community","IVA 2% Adquisición Intracomunitario. Servicios corrientes","IVA 2% Adquisició intracomunitari. Serveis corrents"
"account_tax_template_p_iva2_isc","VAT 2% import","IVA 2% Adquisición de servicios extracomunitarios","IVA 2% Adquisició de serveis extracomunitaris"
"account_tax_template_p_iva2_nd","VAT 2% not deductible","2% IVA no deducible","2% IVA no deduïble"
"account_tax_template_p_iva2_sc","VAT 2%","2% IVA","2% IVA"
"account_tax_template_p_iva4_bc","VAT 4%","4% IVA","4% IVA"
"account_tax_template_p_iva4_bi","VAT 4%","4% IVA","4% IVA"
"account_tax_template_p_iva4_ibc","VAT 4% import","IVA 4% Importaciones bienes corrientes","IVA 4% Importacions béns corrents"
"account_tax_template_p_iva4_ibc_group","VAT 4% import DUA","IVA 4% Importaciones DUA bienes corrientes","IVA 4% Importacions DUA béns corrents"
"account_tax_template_p_iva4_ibi","VAT 4% import","IVA 4% Importaciones bienes de inversión","IVA 4% Importacions béns d'inversió"
"account_tax_template_p_iva4_ic_bc","VAT 4% intra-community","IVA 4% Adquisición Intracomunitario. Bienes corrientes","IVA 4% Adquisició intracomunitari. Béns corrents"
"account_tax_template_p_iva4_ic_bi","VAT 4% intra-community","IVA 4% Adquisición Intracomunitario. Bienes de inversión","IVA 4% Adquisició intracomunitari. Béns d'inversió"
"account_tax_template_p_iva4_isp","VAT 4% purchase reverse charge","IVA 4% Compra con Inversión del Sujeto Pasivo Nacional","IVA 4% Compra con inversió del subjecte passiu nacional"
"account_tax_template_p_iva4_isp_bi","VAT 4% reverse charge","IVA 4% ISP","IVA 4% ISP"
"account_tax_template_p_iva4_sc","VAT 4%","4% IVA","4% IVA"
"account_tax_template_p_iva4_sp_ex","VAT 4% import","IVA 4% Adquisición de servicios extracomunitarios","IVA 4% Adquisició de serveis extracomunitaris"
"account_tax_template_p_iva4_sp_in","VAT 4% intra-community","IVA 4% Adquisición de servicios intracomunitarios","IVA 4% Adquisició de serveis intracomunitaris"
"account_tax_template_p_iva5_bc","VAT 5%","5% IVA","5% IVA"
"account_tax_template_p_iva5_bi","VAT 5%","5% IVA","5% IVA"
"account_tax_template_p_iva5_ibc","VAT 5% import","IVA 5% Importaciones bienes corrientes","IVA 5% Importacions béns corrents"
"account_tax_template_p_iva5_ibi","VAT 5% import","IVA 5% Importaciones bienes de inversión","IVA 5% Importacions béns d'inversió"
"account_tax_template_p_iva5_ic_bc","VAT 5% intra-community","IVA 5% Adquisición Intracomunitario. Bienes corrientes","IVA 5% Adquisició intracomunitari. Béns corrents"
"account_tax_template_p_iva5_ic_bi","VAT 5% intra-community","IVA 5% Adquisición Intracomunitario. Bienes de inversión","IVA 5% Adquisició intracomunitari. Béns d'inversió"
"account_tax_template_p_iva5_ic_sc","VAT 5% intra-community","IVA 5% Adquisición Intracomunitario. Servicios corrientes","IVA 5% Adquisició intracomunitari. Serveis corrents"
"account_tax_template_p_iva5_isc","VAT 5% import","IVA 5% Adquisición de servicios extracomunitarios","IVA 5% Adquisició de serveis extracomunitaris"
"account_tax_template_p_iva5_sc","VAT 5%","5% IVA","5% IVA"
"account_tax_template_p_iva7-5_bc","VAT 7.5%","7,5% IVA","7,5% IVA"
"account_tax_template_p_iva7-5_ibc","VAT 7.5% import","IVA 7,5% Importaciones bienes corrientes","IVA 7,5% Importacions béns corrents"
"account_tax_template_p_iva7-5_ic_bc","VAT 7.5% intra-community","IVA 7,5% Adquisición Intracomunitario. Bienes corrientes","IVA 7,5% Adquisició intracomunitari. Béns corrents"
"account_tax_template_p_iva7-5_ic_sc","VAT 7.5% intra-community","IVA 7,5% Adquisición Intracomunitario. Servicios corrientes","IVA 7,5% Adquisició intracomunitari. Serveis corrents"
"account_tax_template_p_iva7-5_isc","VAT 7.5% import","IVA 7,5% Adquisición de servicios extracomunitarios","IVA 7,5% Adquisició de serveis extracomunitaris"
"account_tax_template_p_iva7-5_nd","VAT 7.5% not deductible","7,5% IVA no deducible","7,5% IVA no deduïble"
"account_tax_template_p_iva7-5_sc","VAT 7.5%","7,5% IVA","7,5% IVA"
"account_tax_template_p_iva_isub","Tax Only","DUA No Base","DUA No Base"
"account_tax_template_p_req0","0% surcharge equivalence purchases","0% Recargo Equivalencia Compras","0% Recàrrec equivalència compres"
"account_tax_template_p_req014","1.4% surcharge equivalence purchases","1,4% Recargo Equivalencia Compras","1,4% Recàrrec equivalència compres"
"account_tax_template_p_req026","0.26% surcharge equivalence purchases","0,26% Recargo Equivalencia Compras","0,26% Recàrrec equivalència compres"
"account_tax_template_p_req05","0.5% surcharge equivalence purchases","0,5% Recargo Equivalencia Compras","0,5% Recàrrec equivalència compres"
"account_tax_template_p_req062","0.62% surcharge equivalence purchases","0,62% Recargo Equivalencia Compras","0,62% Recàrrec equivalència compres"
"account_tax_template_p_req1","1% surcharge equivalence purchases","1% Recargo Equivalencia Compras","1% Recàrrec equivalència compres"
"account_tax_template_p_req52","5.2% surcharge equivalence purchases","5,2% Recargo Equivalencia Compras","5,2% Recàrrec equivalència compres"
"account_tax_template_p_rp19","19% Withholding","Retenciones 19%","Retencions 19%"
"account_tax_template_p_rrD19","19% Withholding","Retenciones 19%","Retencions 19%"
"account_tax_template_s_gd0","Deductible Expenses","Gastos Deducibles","Despeses Deduïbles"
"account_tax_template_s_irpf1","Withholding 1%","Retención 1%","Retenció 1%"
"account_tax_template_s_irpf15","Withholding 15%","Retención 15%","Retenció 15%"
"account_tax_template_s_irpf18","Withholding 18%","Retención 18%","Retenció 18%"
"account_tax_template_s_irpf19","Withholding 19%","Retención 19%","Retenció 19%"
"account_tax_template_s_irpf195a","Withholding 19,5% (Lease)","Retención 19,5% (Arrend.)","Retenció 19,5% (arrend.)"
"account_tax_template_s_irpf19a","Withholding 19% (Lease)","Retención 19% (Arrend.)","Retenció 19% (arrend.)"
"account_tax_template_s_irpf2","Withholding 2%","Retención 2%","Retenció 2%"
"account_tax_template_s_irpf20","Withholding 20%","Retención 20%","Retenció 20%"
"account_tax_template_s_irpf20a","Withholding 20% (Lease)","Retención 20% (Arrend.)","Retenció 20% (arrend.)"
"account_tax_template_s_irpf21","Withholding 21%","Retención 21%","Retenció 21%"
"account_tax_template_s_irpf21a","Withholding 21% (Lease)","Retención 21% (Arrend.)","Retenció 21% (arrend.)"
"account_tax_template_s_irpf24","Withholding 24%","Retención 24%","Retenció 24%"
"account_tax_template_s_irpf24_rdc","Retención 24% RC","Retención 24%","Retenció 24%"
"account_tax_template_s_irpf7","Withholding 7%","Retención 7%","Retenció 7%"
"account_tax_template_s_irpf9","Withholding 9%","Retención 9%","Retenció 9%"
"account_tax_template_s_irpfnrnue0","Exempt Withholding Non-EU residents","Retenciones a cuenta IRPF No residentes no-UE exento por convenio","Retencions a compte IRPF No residents no-UE exempt per conveni"
"account_tax_template_s_irpfnrnue24","24% Withholding Non-EU residents","Retenciones a cuenta IRPF No residentes no-UE 24%","Retencions a compte IRPF No residents no-UE 24%"
"account_tax_template_s_irpfnrue0","Exempt Withholding EU residents","Retenciones a cuenta IRPF No residentes UE exento por convenio","Retencions a compte IRPF No residents UE exempt per conveni"
"account_tax_template_s_irpfnrue19","19% Withholding Non-EU residents","Retenciones a cuenta IRPF No residentes UE 19%","Retencions a compte IRPF No residents UE 19%"
"account_tax_template_s_iva0","VAT Exempt","IVA Exento","IVA Exempt"
"account_tax_template_s_iva0_art22","VAT Exempt","IVA Exento Art.22","IVA Exempt sense dret a deducció"
"account_tax_template_s_iva0_art23","VAT Exempt","IVA Exento Art.23/24","IVA Exempt sense dret a deducció"
"account_tax_template_s_iva0_g_e","VAT 0% export","IVA 0% Extracomunitaria","IVA 0% Venta de bienes extracomunitari"
"account_tax_template_s_iva0_g_i","VAT 0% intra-community","IVA 0% Venta de bienes intracomunitario","IVA 0% Venta de bienes intracomunitario"
"account_tax_template_s_iva0_isp","VAT 0% ISP","IVA 0% Venta con Inversión del Sujeto Pasivo","IVA 0% Venta con inversió del subjecte passiu"
"account_tax_template_s_iva0_ns","VAT Exempt Non-Subject","IVA Exento No Sujeto","IVA Exempt No subjecte"
"account_tax_template_s_iva0_nsd","VAT Exempt (Art.20)","IVA Exento No Deducible","IVA Exempt No Deducible"
"account_tax_template_s_iva0_sp_i","Intra-Community (Services)","Intracomunitario exento (Servicios)","Intracomunitario exento (serveis)"
"account_tax_template_s_iva0b","VAT 0%","IVA 0%","IVA 0%"
"account_tax_template_s_iva0s","VAT 0%","IVA 0%","IVA 0%"
"account_tax_template_s_iva10b","VAT 10%","IVA 10%","IVA 10%"
"account_tax_template_s_iva10s","VAT 10%","IVA 10%","IVA 10%"
"account_tax_template_s_iva21b","VAT 21%","IVA 21%","IVA 21%"
"account_tax_template_s_iva21s","VAT 21%","IVA 21%","IVA 21%"
"account_tax_template_s_iva2b","VAT 2%","IVA 2%","IVA 2%"
"account_tax_template_s_iva2s","VAT 2%","IVA 2%","IVA 2%"
"account_tax_template_s_iva4b","VAT 4%","IVA 4%","IVA 4%"
"account_tax_template_s_iva4s","VAT 4%","IVA 4%","IVA 4%"
"account_tax_template_s_iva5b","VAT 5%","IVA 5%","IVA 5%"
"account_tax_template_s_iva5s","VAT 5%","IVA 5%","IVA 5%"
"account_tax_template_s_iva7-5b","VAT 7.5%","IVA 7,5%","IVA 7,5%"
"account_tax_template_s_iva7-5s","VAT 7.5%","IVA 7,5%","IVA 7,5%"
"account_tax_template_s_iva_e","Non-EU","Extracomunitario (Servicios)","Extracomunitario (serveis)"
"account_tax_template_s_iva_ns","Not subject (Services)","No sujeto (Servicios)","No subjecte (serveis)"
"account_tax_template_s_iva_ns_b","Not subject (Goods)","No sujeto (Bienes)","No subjecte (béns)"
"account_tax_template_s_req0","0% Rec. Eq.","0% Rec. Eq.","0% Rec. Eq."
"account_tax_template_s_req014","1.4% Rec. Eq.","1.4% Rec. Eq.","1.4% Rec. Eq."
"account_tax_template_s_req026","0.26% Rec. Eq.","0.50% Rec. Eq.","0.50% Rec. Eq."
"account_tax_template_s_req05","0.50% Rec. Eq.","0.50% Rec. Eq.","0.50% Rec. Eq."
"account_tax_template_s_req062","0.62% Rec. Eq.","0.62% Rec. Eq.","0.62% Rec. Eq."
"account_tax_template_s_req1","1% Rec. Eq.","1% Rec. Eq.","1% Rec. Eq."
"account_tax_template_s_req52","5.2% Rec. Eq.","5.2% Rec. Eq.","5.2% Rec. Eq."
